{"accuracy": [0.600071132183075, 0.8611280918121338, 0.9156127572059631, 0.9409061670303345, 0.9545060396194458], "loss": [1.3582334518432617, 0.438048392534256, 0.25864070653915405, 0.1784658432006836, 0.1379120945930481], "val_accuracy": [0.8092988729476929, 0.9039380550384521, 0.9152629375457764, 0.9504324793815613, 0.9564648270606995], "val_loss": [0.5949559807777405, 0.2995355427265167, 0.25931885838508606, 0.15464428067207336, 0.13732783496379852]}